dealer_name,car_type,annual_sales
Brighto,Storm,56
Brighto,Tempest,69
Brighto,Gambler,52
Brighto,Renegade,74
Brighto,Hurricane,59
Brighto,Cyclone,49
Brighto,Bandit,72
Brighto,Traveler,64
Brighto,Fugitive,74
Auto Vision Cars,Storm,67
Auto Vision Cars,Tempest,45
Auto Vision Cars,Gambler,37
Auto Vision Cars,Renegade,48
Auto Vision Cars,Hurricane,71
Auto Vision Cars,Cyclone,68
Auto Vision Cars,Bandit,76
Auto Vision Cars,Traveler,62
Auto Vision Cars,Fugitive,50
Driveits,Storm,77
Driveits,Tempest,64
Driveits,Gambler,64
Driveits,Renegade,73
Driveits,Hurricane,44
Driveits,Cyclone,57
Driveits,Bandit,51
Driveits,Traveler,64
Driveits,Fugitive,67
Autojoy,Storm,56
Autojoy,Tempest,63
Autojoy,Gambler,55
Autojoy,Renegade,65
Autojoy,Hurricane,73
Autojoy,Cyclone,64
Autojoy,Bandit,65
Autojoy,Traveler,50
Autojoy,Fugitive,48
Starlight Automall,Storm,38
Starlight Automall,Tempest,53
Starlight Automall,Gambler,42
Starlight Automall,Renegade,53
Starlight Automall,Hurricane,52
Starlight Automall,Cyclone,55
Starlight Automall,Bandit,37
Starlight Automall,Traveler,69
Starlight Automall,Fugitive,45
Accurate Auto,Storm,41
Accurate Auto,Tempest,70
Accurate Auto,Gambler,50
Accurate Auto,Renegade,37
Accurate Auto,Hurricane,67
Accurate Auto,Cyclone,75
Accurate Auto,Bandit,41
Accurate Auto,Traveler,59
Accurate Auto,Fugitive,73
Savers Auto Shop,Storm,51
Savers Auto Shop,Tempest,59
Savers Auto Shop,Gambler,55
Savers Auto Shop,Renegade,59
Savers Auto Shop,Hurricane,64
Savers Auto Shop,Cyclone,77
Savers Auto Shop,Bandit,37
Savers Auto Shop,Traveler,59
Savers Auto Shop,Fugitive,71
Auto Accord,Storm,39
Auto Accord,Tempest,49
Auto Accord,Gambler,58
Auto Accord,Renegade,63
Auto Accord,Hurricane,65
Auto Accord,Cyclone,56
Auto Accord,Bandit,69
Auto Accord,Traveler,65
Auto Accord,Fugitive,52
Steals N' Deals,Storm,53
Steals N' Deals,Tempest,62
Steals N' Deals,Gambler,64
Steals N' Deals,Renegade,47
Steals N' Deals,Hurricane,53
Steals N' Deals,Cyclone,69
Steals N' Deals,Bandit,70
Steals N' Deals,Traveler,41
Steals N' Deals,Fugitive,53
Finecar Gallery,Storm,52
Finecar Gallery,Tempest,57
Finecar Gallery,Gambler,77
Finecar Gallery,Renegade,47
Finecar Gallery,Hurricane,65
Finecar Gallery,Cyclone,49
Finecar Gallery,Bandit,56
Finecar Gallery,Traveler,46
Finecar Gallery,Fugitive,62
Wheelz Shop,Storm,45
Wheelz Shop,Tempest,40
Wheelz Shop,Gambler,76
Wheelz Shop,Renegade,41
Wheelz Shop,Hurricane,74
Wheelz Shop,Cyclone,68
Wheelz Shop,Bandit,57
Wheelz Shop,Traveler,72
Wheelz Shop,Fugitive,68
Pickaride,Storm,38
Pickaride,Tempest,60
Pickaride,Gambler,58
Pickaride,Renegade,58
Pickaride,Hurricane,70
Pickaride,Cyclone,45
Pickaride,Bandit,68
Pickaride,Traveler,62
Pickaride,Fugitive,43
Bluebird Autos,Storm,58
Bluebird Autos,Tempest,75
Bluebird Autos,Gambler,63
Bluebird Autos,Renegade,60
Bluebird Autos,Hurricane,76
Bluebird Autos,Cyclone,68
Bluebird Autos,Bandit,39
Bluebird Autos,Traveler,43
Bluebird Autos,Fugitive,53
My Kinda Car,Storm,52
My Kinda Car,Tempest,76
My Kinda Car,Gambler,59
My Kinda Car,Renegade,70
My Kinda Car,Hurricane,57
My Kinda Car,Cyclone,64
My Kinda Car,Bandit,56
My Kinda Car,Traveler,44
My Kinda Car,Fugitive,42
Top Wheelz Automotive,Storm,68
Top Wheelz Automotive,Tempest,50
Top Wheelz Automotive,Gambler,55
Top Wheelz Automotive,Renegade,45
Top Wheelz Automotive,Hurricane,41
Top Wheelz Automotive,Cyclone,76
Top Wheelz Automotive,Bandit,75
Top Wheelz Automotive,Traveler,62
Top Wheelz Automotive,Fugitive,58
1St Town Auto,Storm,39
1St Town Auto,Tempest,72
1St Town Auto,Gambler,56
1St Town Auto,Renegade,47
1St Town Auto,Hurricane,48
1St Town Auto,Cyclone,47
1St Town Auto,Bandit,62
1St Town Auto,Traveler,48
1St Town Auto,Fugitive,38
Drivehome Autos,Storm,71
Drivehome Autos,Tempest,56
Drivehome Autos,Gambler,76
Drivehome Autos,Renegade,51
Drivehome Autos,Hurricane,64
Drivehome Autos,Cyclone,73
Drivehome Autos,Bandit,47
Drivehome Autos,Traveler,38
Drivehome Autos,Fugitive,53
Smartmart Motors,Storm,62
Smartmart Motors,Tempest,58
Smartmart Motors,Gambler,77
Smartmart Motors,Renegade,50
Smartmart Motors,Hurricane,64
Smartmart Motors,Cyclone,51
Smartmart Motors,Bandit,76
Smartmart Motors,Traveler,50
Smartmart Motors,Fugitive,41
Trupath Motors,Storm,38
Trupath Motors,Tempest,51
Trupath Motors,Gambler,48
Trupath Motors,Renegade,41
Trupath Motors,Hurricane,60
Trupath Motors,Cyclone,51
Trupath Motors,Bandit,63
Trupath Motors,Traveler,45
Trupath Motors,Fugitive,75
Elite East,Storm,53
Elite East,Tempest,45
Elite East,Gambler,69
Elite East,Renegade,58
Elite East,Hurricane,66
Elite East,Cyclone,46
Elite East,Bandit,75
Elite East,Traveler,67
Elite East,Fugitive,52
Car Crew Vehicles,Storm,66
Car Crew Vehicles,Tempest,51
Car Crew Vehicles,Gambler,39
Car Crew Vehicles,Renegade,46
Car Crew Vehicles,Hurricane,42
Car Crew Vehicles,Cyclone,61
Car Crew Vehicles,Bandit,44
Car Crew Vehicles,Traveler,54
Car Crew Vehicles,Fugitive,38
Surething Auto,Storm,68
Surething Auto,Tempest,59
Surething Auto,Gambler,39
Surething Auto,Renegade,46
Surething Auto,Hurricane,40
Surething Auto,Cyclone,75
Surething Auto,Bandit,76
Surething Auto,Traveler,46
Surething Auto,Fugitive,38
Crezx Vehicles,Storm,60
Crezx Vehicles,Tempest,37
Crezx Vehicles,Gambler,62
Crezx Vehicles,Renegade,58
Crezx Vehicles,Hurricane,43
Crezx Vehicles,Cyclone,49
Crezx Vehicles,Bandit,39
Crezx Vehicles,Traveler,59
Crezx Vehicles,Fugitive,52
Qualitee Motors,Storm,76
Qualitee Motors,Tempest,46
Qualitee Motors,Gambler,69
Qualitee Motors,Renegade,66
Qualitee Motors,Hurricane,77
Qualitee Motors,Cyclone,46
Qualitee Motors,Bandit,67
Qualitee Motors,Traveler,48
Qualitee Motors,Fugitive,52
Better Wish,Storm,43
Better Wish,Tempest,74
Better Wish,Gambler,38
Better Wish,Renegade,57
Better Wish,Hurricane,74
Better Wish,Cyclone,54
Better Wish,Bandit,47
Better Wish,Traveler,68
Better Wish,Fugitive,51
A1Motormart,Storm,64
A1Motormart,Tempest,50
A1Motormart,Gambler,60
A1Motormart,Renegade,54
A1Motormart,Hurricane,53
A1Motormart,Cyclone,56
A1Motormart,Bandit,48
A1Motormart,Traveler,77
A1Motormart,Fugitive,76
Vivid Car,Storm,46
Vivid Car,Tempest,68
Vivid Car,Gambler,56
Vivid Car,Renegade,73
Vivid Car,Hurricane,65
Vivid Car,Cyclone,38
Vivid Car,Bandit,38
Vivid Car,Traveler,57
Vivid Car,Fugitive,49
Trizent Autos,Storm,37
Trizent Autos,Tempest,69
Trizent Autos,Gambler,41
Trizent Autos,Renegade,70
Trizent Autos,Hurricane,70
Trizent Autos,Cyclone,63
Trizent Autos,Bandit,42
Trizent Autos,Traveler,55
Trizent Autos,Fugitive,39
Autowizardsales,Storm,67
Autowizardsales,Tempest,65
Autowizardsales,Gambler,53
Autowizardsales,Renegade,56
Autowizardsales,Hurricane,71
Autowizardsales,Cyclone,53
Autowizardsales,Bandit,57
Autowizardsales,Traveler,75
Autowizardsales,Fugitive,59
Hightail Cars,Storm,47
Hightail Cars,Tempest,43
Hightail Cars,Gambler,55
Hightail Cars,Renegade,72
Hightail Cars,Hurricane,40
Hightail Cars,Cyclone,62
Hightail Cars,Bandit,60
Hightail Cars,Traveler,40
Hightail Cars,Fugitive,71
Peachy Rides,Storm,53
Peachy Rides,Tempest,44
Peachy Rides,Gambler,67
Peachy Rides,Renegade,62
Peachy Rides,Hurricane,74
Peachy Rides,Cyclone,45
Peachy Rides,Bandit,43
Peachy Rides,Traveler,56
Peachy Rides,Fugitive,61
Urban Wheel Cars,Storm,69
Urban Wheel Cars,Tempest,66
Urban Wheel Cars,Gambler,67
Urban Wheel Cars,Renegade,73
Urban Wheel Cars,Hurricane,70
Urban Wheel Cars,Cyclone,40
Urban Wheel Cars,Bandit,61
Urban Wheel Cars,Traveler,72
Urban Wheel Cars,Fugitive,54
Fairyland Auto,Storm,72
Fairyland Auto,Tempest,69
Fairyland Auto,Gambler,73
Fairyland Auto,Renegade,72
Fairyland Auto,Hurricane,48
Fairyland Auto,Cyclone,63
Fairyland Auto,Bandit,58
Fairyland Auto,Traveler,69
Fairyland Auto,Fugitive,56
Bestdeal Cars,Storm,51
Bestdeal Cars,Tempest,66
Bestdeal Cars,Gambler,58
Bestdeal Cars,Renegade,60
Bestdeal Cars,Hurricane,56
Bestdeal Cars,Cyclone,52
Bestdeal Cars,Bandit,66
Bestdeal Cars,Traveler,61
Bestdeal Cars,Fugitive,65
Be Sure,Storm,76
Be Sure,Tempest,50
Be Sure,Gambler,72
Be Sure,Renegade,72
Be Sure,Hurricane,58
Be Sure,Cyclone,61
Be Sure,Bandit,61
Be Sure,Traveler,50
Be Sure,Fugitive,67
Champion Cars,Storm,62
Champion Cars,Tempest,62
Champion Cars,Gambler,44
Champion Cars,Renegade,61
Champion Cars,Hurricane,72
Champion Cars,Cyclone,60
Champion Cars,Bandit,53
Champion Cars,Traveler,75
Champion Cars,Fugitive,43
Next Door Motors,Storm,45
Next Door Motors,Tempest,60
Next Door Motors,Gambler,56
Next Door Motors,Renegade,62
Next Door Motors,Hurricane,73
Next Door Motors,Cyclone,50
Next Door Motors,Bandit,74
Next Door Motors,Traveler,52
Next Door Motors,Fugitive,60
Wheel Rander,Storm,68
Wheel Rander,Tempest,60
Wheel Rander,Gambler,74
Wheel Rander,Renegade,65
Wheel Rander,Hurricane,46
Wheel Rander,Cyclone,72
Wheel Rander,Bandit,44
Wheel Rander,Traveler,64
Wheel Rander,Fugitive,51
Steadyeddy Motors,Storm,57
Steadyeddy Motors,Tempest,58
Steadyeddy Motors,Gambler,52
Steadyeddy Motors,Renegade,51
Steadyeddy Motors,Hurricane,54
Steadyeddy Motors,Cyclone,46
Steadyeddy Motors,Bandit,37
Steadyeddy Motors,Traveler,55
Steadyeddy Motors,Fugitive,56
Blusky Auto'S,Storm,43
Blusky Auto'S,Tempest,42
Blusky Auto'S,Gambler,67
Blusky Auto'S,Renegade,39
Blusky Auto'S,Hurricane,58
Blusky Auto'S,Cyclone,38
Blusky Auto'S,Bandit,41
Blusky Auto'S,Traveler,74
Blusky Auto'S,Fugitive,45
Drive 4Ward,Storm,50
Drive 4Ward,Tempest,60
Drive 4Ward,Gambler,63
Drive 4Ward,Renegade,74
Drive 4Ward,Hurricane,67
Drive 4Ward,Cyclone,68
Drive 4Ward,Bandit,71
Drive 4Ward,Traveler,40
Drive 4Ward,Fugitive,46
Frank'S Deals,Storm,67
Frank'S Deals,Tempest,38
Frank'S Deals,Gambler,59
Frank'S Deals,Renegade,45
Frank'S Deals,Hurricane,74
Frank'S Deals,Cyclone,53
Frank'S Deals,Bandit,70
Frank'S Deals,Traveler,47
Frank'S Deals,Fugitive,53
Autostar Direct,Storm,49
Autostar Direct,Tempest,54
Autostar Direct,Gambler,73
Autostar Direct,Renegade,56
Autostar Direct,Hurricane,53
Autostar Direct,Cyclone,57
Autostar Direct,Bandit,63
Autostar Direct,Traveler,51
Autostar Direct,Fugitive,60
Fabu Car Cars,Storm,70
Fabu Car Cars,Tempest,53
Fabu Car Cars,Gambler,46
Fabu Car Cars,Renegade,69
Fabu Car Cars,Hurricane,69
Fabu Car Cars,Cyclone,74
Fabu Car Cars,Bandit,60
Fabu Car Cars,Traveler,49
Fabu Car Cars,Fugitive,75
Lucky Day Auto,Storm,68
Lucky Day Auto,Tempest,59
Lucky Day Auto,Gambler,43
Lucky Day Auto,Renegade,55
Lucky Day Auto,Hurricane,49
Lucky Day Auto,Cyclone,70
Lucky Day Auto,Bandit,69
Lucky Day Auto,Traveler,46
Lucky Day Auto,Fugitive,40
Brightspot Autos,Storm,63
Brightspot Autos,Tempest,45
Brightspot Autos,Gambler,69
Brightspot Autos,Renegade,51
Brightspot Autos,Hurricane,37
Brightspot Autos,Cyclone,70
Brightspot Autos,Bandit,75
Brightspot Autos,Traveler,75
Brightspot Autos,Fugitive,47
Gasoline Galleria,Storm,49
Gasoline Galleria,Tempest,46
Gasoline Galleria,Gambler,50
Gasoline Galleria,Renegade,67
Gasoline Galleria,Hurricane,76
Gasoline Galleria,Cyclone,69
Gasoline Galleria,Bandit,76
Gasoline Galleria,Traveler,38
Gasoline Galleria,Fugitive,76
A Good Auto,Storm,66
A Good Auto,Tempest,70
A Good Auto,Gambler,73
A Good Auto,Renegade,49
A Good Auto,Hurricane,45
A Good Auto,Cyclone,48
A Good Auto,Bandit,40
A Good Auto,Traveler,51
A Good Auto,Fugitive,51
Moxie Used Cars,Storm,42
Moxie Used Cars,Tempest,75
Moxie Used Cars,Gambler,63
Moxie Used Cars,Renegade,75
Moxie Used Cars,Hurricane,77
Moxie Used Cars,Cyclone,57
Moxie Used Cars,Bandit,67
Moxie Used Cars,Traveler,66
Moxie Used Cars,Fugitive,71
A Lot O' Auto,Storm,64
A Lot O' Auto,Tempest,52
A Lot O' Auto,Gambler,63
A Lot O' Auto,Renegade,70
A Lot O' Auto,Hurricane,69
A Lot O' Auto,Cyclone,39
A Lot O' Auto,Bandit,61
A Lot O' Auto,Traveler,50
A Lot O' Auto,Fugitive,56
New To You Auto,Storm,63
New To You Auto,Tempest,47
New To You Auto,Gambler,53
New To You Auto,Renegade,56
New To You Auto,Hurricane,52
New To You Auto,Cyclone,46
New To You Auto,Bandit,45
New To You Auto,Traveler,39
New To You Auto,Fugitive,38
Greatway Cars,Storm,57
Greatway Cars,Tempest,74
Greatway Cars,Gambler,54
Greatway Cars,Renegade,52
Greatway Cars,Hurricane,38
Greatway Cars,Cyclone,70
Greatway Cars,Bandit,64
Greatway Cars,Traveler,76
Greatway Cars,Fugitive,59
Karmacarz,Storm,61
Karmacarz,Tempest,59
Karmacarz,Gambler,75
Karmacarz,Renegade,73
Karmacarz,Hurricane,73
Karmacarz,Cyclone,74
Karmacarz,Bandit,52
Karmacarz,Traveler,48
Karmacarz,Fugitive,44
Perfect Priced Cars,Storm,45
Perfect Priced Cars,Tempest,60
Perfect Priced Cars,Gambler,73
Perfect Priced Cars,Renegade,68
Perfect Priced Cars,Hurricane,40
Perfect Priced Cars,Cyclone,76
Perfect Priced Cars,Bandit,74
Perfect Priced Cars,Traveler,50
Perfect Priced Cars,Fugitive,63
Car Oyye,Storm,72
Car Oyye,Tempest,62
Car Oyye,Gambler,45
Car Oyye,Renegade,59
Car Oyye,Hurricane,72
Car Oyye,Cyclone,62
Car Oyye,Bandit,52
Car Oyye,Traveler,62
Car Oyye,Fugitive,43
Keyturn Autos,Storm,67
Keyturn Autos,Tempest,60
Keyturn Autos,Gambler,58
Keyturn Autos,Renegade,43
Keyturn Autos,Hurricane,68
Keyturn Autos,Cyclone,59
Keyturn Autos,Bandit,71
Keyturn Autos,Traveler,67
Keyturn Autos,Fugitive,60
Deals4Wheels Auto,Storm,63
Deals4Wheels Auto,Tempest,51
Deals4Wheels Auto,Gambler,46
Deals4Wheels Auto,Renegade,60
Deals4Wheels Auto,Hurricane,63
Deals4Wheels Auto,Cyclone,55
Deals4Wheels Auto,Bandit,69
Deals4Wheels Auto,Traveler,53
Deals4Wheels Auto,Fugitive,71
Mainplace Motors,Storm,40
Mainplace Motors,Tempest,52
Mainplace Motors,Gambler,63
Mainplace Motors,Renegade,55
Mainplace Motors,Hurricane,59
Mainplace Motors,Cyclone,54
Mainplace Motors,Bandit,43
Mainplace Motors,Traveler,76
Mainplace Motors,Fugitive,76
Karl Cars,Storm,49
Karl Cars,Tempest,51
Karl Cars,Gambler,49
Karl Cars,Renegade,64
Karl Cars,Hurricane,58
Karl Cars,Cyclone,71
Karl Cars,Bandit,58
Karl Cars,Traveler,38
Karl Cars,Fugitive,62
Car O'Clock,Storm,54
Car O'Clock,Tempest,57
Car O'Clock,Gambler,52
Car O'Clock,Renegade,39
Car O'Clock,Hurricane,39
Car O'Clock,Cyclone,47
Car O'Clock,Bandit,53
Car O'Clock,Traveler,50
Car O'Clock,Fugitive,53
Daily Deal Cars,Storm,73
Daily Deal Cars,Tempest,60
Daily Deal Cars,Gambler,60
Daily Deal Cars,Renegade,53
Daily Deal Cars,Hurricane,65
Daily Deal Cars,Cyclone,76
Daily Deal Cars,Bandit,47
Daily Deal Cars,Traveler,44
Daily Deal Cars,Fugitive,53
Zippyauto Mart,Storm,46
Zippyauto Mart,Tempest,74
Zippyauto Mart,Gambler,42
Zippyauto Mart,Renegade,65
Zippyauto Mart,Hurricane,70
Zippyauto Mart,Cyclone,64
Zippyauto Mart,Bandit,55
Zippyauto Mart,Traveler,50
Zippyauto Mart,Fugitive,63
Austinn Vehicles,Storm,55
Austinn Vehicles,Tempest,60
Austinn Vehicles,Gambler,70
Austinn Vehicles,Renegade,66
Austinn Vehicles,Hurricane,68
Austinn Vehicles,Cyclone,47
Austinn Vehicles,Bandit,41
Austinn Vehicles,Traveler,45
Austinn Vehicles,Fugitive,66
Nexton Cars,Storm,61
Nexton Cars,Tempest,72
Nexton Cars,Gambler,64
Nexton Cars,Renegade,40
Nexton Cars,Hurricane,56
Nexton Cars,Cyclone,62
Nexton Cars,Bandit,63
Nexton Cars,Traveler,72
Nexton Cars,Fugitive,44
Quality 4 Less Autos,Storm,57
Quality 4 Less Autos,Tempest,51
Quality 4 Less Autos,Gambler,38
Quality 4 Less Autos,Renegade,48
Quality 4 Less Autos,Hurricane,69
Quality 4 Less Autos,Cyclone,65
Quality 4 Less Autos,Bandit,47
Quality 4 Less Autos,Traveler,70
Quality 4 Less Autos,Fugitive,58
Access Auto,Storm,62
Access Auto,Tempest,54
Access Auto,Gambler,65
Access Auto,Renegade,42
Access Auto,Hurricane,59
Access Auto,Cyclone,70
Access Auto,Bandit,46
Access Auto,Traveler,62
Access Auto,Fugitive,43
Budget Wheelz,Storm,38
Budget Wheelz,Tempest,40
Budget Wheelz,Gambler,37
Budget Wheelz,Renegade,51
Budget Wheelz,Hurricane,64
Budget Wheelz,Cyclone,57
Budget Wheelz,Bandit,64
Budget Wheelz,Traveler,63
Budget Wheelz,Fugitive,73
Masterhulk Auto,Storm,61
Masterhulk Auto,Tempest,54
Masterhulk Auto,Gambler,63
Masterhulk Auto,Renegade,59
Masterhulk Auto,Hurricane,77
Masterhulk Auto,Cyclone,52
Masterhulk Auto,Bandit,65
Masterhulk Auto,Traveler,40
Masterhulk Auto,Fugitive,67
Auto Delight,Storm,52
Auto Delight,Tempest,37
Auto Delight,Gambler,51
Auto Delight,Renegade,58
Auto Delight,Hurricane,61
Auto Delight,Cyclone,74
Auto Delight,Bandit,74
Auto Delight,Traveler,73
Auto Delight,Fugitive,51
Mightyrides,Storm,54
Mightyrides,Tempest,59
Mightyrides,Gambler,39
Mightyrides,Renegade,41
Mightyrides,Hurricane,69
Mightyrides,Cyclone,67
Mightyrides,Bandit,64
Mightyrides,Traveler,72
Mightyrides,Fugitive,70
Just Sure,Storm,71
Just Sure,Tempest,39
Just Sure,Gambler,70
Just Sure,Renegade,73
Just Sure,Hurricane,45
Just Sure,Cyclone,59
Just Sure,Bandit,77
Just Sure,Traveler,62
Just Sure,Fugitive,59
Cross Roads,Storm,43
Cross Roads,Tempest,56
Cross Roads,Gambler,59
Cross Roads,Renegade,71
Cross Roads,Hurricane,53
Cross Roads,Cyclone,66
Cross Roads,Bandit,44
Cross Roads,Traveler,40
Cross Roads,Fugitive,57
Autolegion,Storm,40
Autolegion,Tempest,48
Autolegion,Gambler,62
Autolegion,Renegade,69
Autolegion,Hurricane,64
Autolegion,Cyclone,49
Autolegion,Bandit,59
Autolegion,Traveler,51
Autolegion,Fugitive,53
Carville Motors,Storm,47
Carville Motors,Tempest,53
Carville Motors,Gambler,69
Carville Motors,Renegade,52
Carville Motors,Hurricane,65
Carville Motors,Cyclone,43
Carville Motors,Bandit,58
Carville Motors,Traveler,54
Carville Motors,Fugitive,75
Rallyrides,Storm,52
Rallyrides,Tempest,42
Rallyrides,Gambler,76
Rallyrides,Renegade,62
Rallyrides,Hurricane,67
Rallyrides,Cyclone,74
Rallyrides,Bandit,77
Rallyrides,Traveler,56
Rallyrides,Fugitive,65
Feelup Auto,Storm,75
Feelup Auto,Tempest,58
Feelup Auto,Gambler,47
Feelup Auto,Renegade,53
Feelup Auto,Hurricane,39
Feelup Auto,Cyclone,42
Feelup Auto,Bandit,43
Feelup Auto,Traveler,73
Feelup Auto,Fugitive,46
Auto Stacatto,Storm,66
Auto Stacatto,Tempest,44
Auto Stacatto,Gambler,65
Auto Stacatto,Renegade,54
Auto Stacatto,Hurricane,64
Auto Stacatto,Cyclone,38
Auto Stacatto,Bandit,51
Auto Stacatto,Traveler,47
Auto Stacatto,Fugitive,43
Wheel Deal,Storm,76
Wheel Deal,Tempest,55
Wheel Deal,Gambler,45
Wheel Deal,Renegade,65
Wheel Deal,Hurricane,49
Wheel Deal,Cyclone,71
Wheel Deal,Bandit,41
Wheel Deal,Traveler,37
Wheel Deal,Fugitive,64
Car Conveyors,Storm,40
Car Conveyors,Tempest,61
Car Conveyors,Gambler,40
Car Conveyors,Renegade,76
Car Conveyors,Hurricane,40
Car Conveyors,Cyclone,46
Car Conveyors,Bandit,55
Car Conveyors,Traveler,47
Car Conveyors,Fugitive,43
Afford Autos,Storm,54
Afford Autos,Tempest,73
Afford Autos,Gambler,42
Afford Autos,Renegade,43
Afford Autos,Hurricane,74
Afford Autos,Cyclone,44
Afford Autos,Bandit,42
Afford Autos,Traveler,73
Afford Autos,Fugitive,58
Pitstop Auto Gallery,Storm,40
Pitstop Auto Gallery,Tempest,62
Pitstop Auto Gallery,Gambler,37
Pitstop Auto Gallery,Renegade,69
Pitstop Auto Gallery,Hurricane,72
Pitstop Auto Gallery,Cyclone,65
Pitstop Auto Gallery,Bandit,64
Pitstop Auto Gallery,Traveler,51
Pitstop Auto Gallery,Fugitive,67
Fanfaire Autos,Storm,58
Fanfaire Autos,Tempest,77
Fanfaire Autos,Gambler,46
Fanfaire Autos,Renegade,68
Fanfaire Autos,Hurricane,69
Fanfaire Autos,Cyclone,54
Fanfaire Autos,Bandit,55
Fanfaire Autos,Traveler,71
Fanfaire Autos,Fugitive,60
Pinwheel Cars,Storm,52
Pinwheel Cars,Tempest,37
Pinwheel Cars,Gambler,42
Pinwheel Cars,Renegade,45
Pinwheel Cars,Hurricane,49
Pinwheel Cars,Cyclone,74
Pinwheel Cars,Bandit,59
Pinwheel Cars,Traveler,66
Pinwheel Cars,Fugitive,69
Next Crew Cars,Storm,65
Next Crew Cars,Tempest,64
Next Crew Cars,Gambler,44
Next Crew Cars,Renegade,41
Next Crew Cars,Hurricane,75
Next Crew Cars,Cyclone,68
Next Crew Cars,Bandit,61
Next Crew Cars,Traveler,68
Next Crew Cars,Fugitive,46
Trusted Automobiles,Storm,44
Trusted Automobiles,Tempest,73
Trusted Automobiles,Gambler,66
Trusted Automobiles,Renegade,48
Trusted Automobiles,Hurricane,68
Trusted Automobiles,Cyclone,42
Trusted Automobiles,Bandit,47
Trusted Automobiles,Traveler,50
Trusted Automobiles,Fugitive,74
Old Reliable Motors,Storm,38
Old Reliable Motors,Tempest,65
Old Reliable Motors,Gambler,68
Old Reliable Motors,Renegade,57
Old Reliable Motors,Hurricane,70
Old Reliable Motors,Cyclone,37
Old Reliable Motors,Bandit,39
Old Reliable Motors,Traveler,46
Old Reliable Motors,Fugitive,43
Joe Cars,Storm,67
Joe Cars,Tempest,70
Joe Cars,Gambler,46
Joe Cars,Renegade,55
Joe Cars,Hurricane,47
Joe Cars,Cyclone,50
Joe Cars,Bandit,72
Joe Cars,Traveler,51
Joe Cars,Fugitive,44
Mint Motors,Storm,76
Mint Motors,Tempest,74
Mint Motors,Gambler,57
Mint Motors,Renegade,41
Mint Motors,Hurricane,51
Mint Motors,Cyclone,66
Mint Motors,Bandit,61
Mint Motors,Traveler,57
Mint Motors,Fugitive,47
Blue Ridge Auto,Storm,73
Blue Ridge Auto,Tempest,63
Blue Ridge Auto,Gambler,37
Blue Ridge Auto,Renegade,43
Blue Ridge Auto,Hurricane,42
Blue Ridge Auto,Cyclone,53
Blue Ridge Auto,Bandit,69
Blue Ridge Auto,Traveler,70
Blue Ridge Auto,Fugitive,45
Secure Auto,Storm,46
Secure Auto,Tempest,51
Secure Auto,Gambler,44
Secure Auto,Renegade,53
Secure Auto,Hurricane,42
Secure Auto,Cyclone,51
Secure Auto,Bandit,54
Secure Auto,Traveler,41
Secure Auto,Fugitive,72
Top Quality Motor Cars,Storm,74
Top Quality Motor Cars,Tempest,60
Top Quality Motor Cars,Gambler,56
Top Quality Motor Cars,Renegade,64
Top Quality Motor Cars,Hurricane,39
Top Quality Motor Cars,Cyclone,72
Top Quality Motor Cars,Bandit,64
Top Quality Motor Cars,Traveler,70
Top Quality Motor Cars,Fugitive,51
Billosails Auto,Storm,73
Billosails Auto,Tempest,45
Billosails Auto,Gambler,71
Billosails Auto,Renegade,74
Billosails Auto,Hurricane,59
Billosails Auto,Cyclone,49
Billosails Auto,Bandit,61
Billosails Auto,Traveler,64
Billosails Auto,Fugitive,58
Alpha Auto,Storm,37
Alpha Auto,Tempest,74
Alpha Auto,Gambler,63
Alpha Auto,Renegade,73
Alpha Auto,Hurricane,39
Alpha Auto,Cyclone,51
Alpha Auto,Bandit,71
Alpha Auto,Traveler,42
Alpha Auto,Fugitive,50
Quality Autos,Storm,43
Quality Autos,Tempest,40
Quality Autos,Gambler,77
Quality Autos,Renegade,49
Quality Autos,Hurricane,57
Quality Autos,Cyclone,45
Quality Autos,Bandit,46
Quality Autos,Traveler,40
Quality Autos,Fugitive,44
Avente,Storm,62
Avente,Tempest,75
Avente,Gambler,45
Avente,Renegade,42
Avente,Hurricane,74
Avente,Cyclone,64
Avente,Bandit,46
Avente,Traveler,63
Avente,Fugitive,73
Cubent Vehicles,Storm,55
Cubent Vehicles,Tempest,42
Cubent Vehicles,Gambler,59
Cubent Vehicles,Renegade,63
Cubent Vehicles,Hurricane,44
Cubent Vehicles,Cyclone,46
Cubent Vehicles,Bandit,64
Cubent Vehicles,Traveler,43
Cubent Vehicles,Fugitive,48
Americas Best Auto,Storm,47
Americas Best Auto,Tempest,66
Americas Best Auto,Gambler,72
Americas Best Auto,Renegade,64
Americas Best Auto,Hurricane,61
Americas Best Auto,Cyclone,47
Americas Best Auto,Bandit,68
Americas Best Auto,Traveler,69
Americas Best Auto,Fugitive,38
Qualitativeauto,Storm,72
Qualitativeauto,Tempest,56
Qualitativeauto,Gambler,40
Qualitativeauto,Renegade,51
Qualitativeauto,Hurricane,73
Qualitativeauto,Cyclone,68
Qualitativeauto,Bandit,55
Qualitativeauto,Traveler,62
Qualitativeauto,Fugitive,74
Auto Pulse,Storm,47
Auto Pulse,Tempest,56
Auto Pulse,Gambler,55
Auto Pulse,Renegade,39
Auto Pulse,Hurricane,50
Auto Pulse,Cyclone,47
Auto Pulse,Bandit,58
Auto Pulse,Traveler,76
Auto Pulse,Fugitive,51
Frank'S Specialty Sales,Storm,73
Frank'S Specialty Sales,Tempest,56
Frank'S Specialty Sales,Gambler,62
Frank'S Specialty Sales,Renegade,46
Frank'S Specialty Sales,Hurricane,47
Frank'S Specialty Sales,Cyclone,75
Frank'S Specialty Sales,Bandit,71
Frank'S Specialty Sales,Traveler,71
Frank'S Specialty Sales,Fugitive,63
Sure Space,Storm,75
Sure Space,Tempest,56
Sure Space,Gambler,53
Sure Space,Renegade,43
Sure Space,Hurricane,53
Sure Space,Cyclone,58
Sure Space,Bandit,45
Sure Space,Traveler,72
Sure Space,Fugitive,75
Urban Auto,Storm,72
Urban Auto,Tempest,55
Urban Auto,Gambler,65
Urban Auto,Renegade,42
Urban Auto,Hurricane,68
Urban Auto,Cyclone,67
Urban Auto,Bandit,40
Urban Auto,Traveler,60
Urban Auto,Fugitive,41
Surely Car Junction,Storm,41
Surely Car Junction,Tempest,45
Surely Car Junction,Gambler,64
Surely Car Junction,Renegade,56
Surely Car Junction,Hurricane,45
Surely Car Junction,Cyclone,57
Surely Car Junction,Bandit,52
Surely Car Junction,Traveler,71
Surely Car Junction,Fugitive,66
Get Moving Motors,Storm,40
Get Moving Motors,Tempest,49
Get Moving Motors,Gambler,48
Get Moving Motors,Renegade,45
Get Moving Motors,Hurricane,69
Get Moving Motors,Cyclone,77
Get Moving Motors,Bandit,70
Get Moving Motors,Traveler,70
Get Moving Motors,Fugitive,49
Metalplex,Storm,61
Metalplex,Tempest,77
Metalplex,Gambler,67
Metalplex,Renegade,55
Metalplex,Hurricane,59
Metalplex,Cyclone,42
Metalplex,Bandit,59
Metalplex,Traveler,75
Metalplex,Fugitive,71
Squaredeal Motors,Storm,44
Squaredeal Motors,Tempest,68
Squaredeal Motors,Gambler,46
Squaredeal Motors,Renegade,45
Squaredeal Motors,Hurricane,69
Squaredeal Motors,Cyclone,43
Squaredeal Motors,Bandit,62
Squaredeal Motors,Traveler,65
Squaredeal Motors,Fugitive,58
The Car Masters,Storm,60
The Car Masters,Tempest,66
The Car Masters,Gambler,61
The Car Masters,Renegade,52
The Car Masters,Hurricane,62
The Car Masters,Cyclone,40
The Car Masters,Bandit,55
The Car Masters,Traveler,58
The Car Masters,Fugitive,49
Auto Empire,Storm,74
Auto Empire,Tempest,53
Auto Empire,Gambler,52
Auto Empire,Renegade,76
Auto Empire,Hurricane,59
Auto Empire,Cyclone,67
Auto Empire,Bandit,68
Auto Empire,Traveler,59
Auto Empire,Fugitive,59
The Auto Bazaar,Storm,69
The Auto Bazaar,Tempest,64
The Auto Bazaar,Gambler,75
The Auto Bazaar,Renegade,56
The Auto Bazaar,Hurricane,76
The Auto Bazaar,Cyclone,63
The Auto Bazaar,Bandit,69
The Auto Bazaar,Traveler,67
The Auto Bazaar,Fugitive,38
Majestic Wheel,Storm,44
Majestic Wheel,Tempest,52
Majestic Wheel,Gambler,68
Majestic Wheel,Renegade,68
Majestic Wheel,Hurricane,65
Majestic Wheel,Cyclone,72
Majestic Wheel,Bandit,53
Majestic Wheel,Traveler,69
Majestic Wheel,Fugitive,46
Up Town Vehicles,Storm,68
Up Town Vehicles,Tempest,56
Up Town Vehicles,Gambler,60
Up Town Vehicles,Renegade,43
Up Town Vehicles,Hurricane,60
Up Town Vehicles,Cyclone,68
Up Town Vehicles,Bandit,70
Up Town Vehicles,Traveler,42
Up Town Vehicles,Fugitive,67
Razamataz Cars,Storm,44
Razamataz Cars,Tempest,38
Razamataz Cars,Gambler,55
Razamataz Cars,Renegade,76
Razamataz Cars,Hurricane,76
Razamataz Cars,Cyclone,52
Razamataz Cars,Bandit,60
Razamataz Cars,Traveler,60
Razamataz Cars,Fugitive,60
Car4Everyone,Storm,62
Car4Everyone,Tempest,68
Car4Everyone,Gambler,44
Car4Everyone,Renegade,53
Car4Everyone,Hurricane,65
Car4Everyone,Cyclone,49
Car4Everyone,Bandit,64
Car4Everyone,Traveler,75
Car4Everyone,Fugitive,39
Buster Douglas Auto Tent,Storm,57
Buster Douglas Auto Tent,Tempest,59
Buster Douglas Auto Tent,Gambler,48
Buster Douglas Auto Tent,Renegade,62
Buster Douglas Auto Tent,Hurricane,54
Buster Douglas Auto Tent,Cyclone,41
Buster Douglas Auto Tent,Bandit,61
Buster Douglas Auto Tent,Traveler,69
Buster Douglas Auto Tent,Fugitive,63
Carget,Storm,53
Carget,Tempest,44
Carget,Gambler,73
Carget,Renegade,41
Carget,Hurricane,39
Carget,Cyclone,56
Carget,Bandit,61
Carget,Traveler,57
Carget,Fugitive,56
Good Gears,Storm,57
Good Gears,Tempest,72
Good Gears,Gambler,71
Good Gears,Renegade,51
Good Gears,Hurricane,59
Good Gears,Cyclone,76
Good Gears,Bandit,39
Good Gears,Traveler,50
Good Gears,Fugitive,76
Car King Autos,Storm,72
Car King Autos,Tempest,43
Car King Autos,Gambler,76
Car King Autos,Renegade,53
Car King Autos,Hurricane,65
Car King Autos,Cyclone,55
Car King Autos,Bandit,75
Car King Autos,Traveler,42
Car King Autos,Fugitive,66
Car Aisle,Storm,38
Car Aisle,Tempest,58
Car Aisle,Gambler,65
Car Aisle,Renegade,50
Car Aisle,Hurricane,60
Car Aisle,Cyclone,46
Car Aisle,Bandit,72
Car Aisle,Traveler,49
Car Aisle,Fugitive,51
Elevata Cars,Storm,69
Elevata Cars,Tempest,64
Elevata Cars,Gambler,62
Elevata Cars,Renegade,57
Elevata Cars,Hurricane,54
Elevata Cars,Cyclone,73
Elevata Cars,Bandit,37
Elevata Cars,Traveler,58
Elevata Cars,Fugitive,43
Elite Autos,Storm,62
Elite Autos,Tempest,45
Elite Autos,Gambler,38
Elite Autos,Renegade,64
Elite Autos,Hurricane,46
Elite Autos,Cyclone,45
Elite Autos,Bandit,70
Elite Autos,Traveler,43
Elite Autos,Fugitive,55
Motorific,Storm,72
Motorific,Tempest,41
Motorific,Gambler,58
Motorific,Renegade,67
Motorific,Hurricane,68
Motorific,Cyclone,39
Motorific,Bandit,75
Motorific,Traveler,41
Motorific,Fugitive,47
Virgon Cars,Storm,55
Virgon Cars,Tempest,55
Virgon Cars,Gambler,63
Virgon Cars,Renegade,65
Virgon Cars,Hurricane,74
Virgon Cars,Cyclone,72
Virgon Cars,Bandit,41
Virgon Cars,Traveler,46
Virgon Cars,Fugitive,75
Kingcrown Motors,Storm,46
Kingcrown Motors,Tempest,75
Kingcrown Motors,Gambler,53
Kingcrown Motors,Renegade,62
Kingcrown Motors,Hurricane,73
Kingcrown Motors,Cyclone,42
Kingcrown Motors,Bandit,53
Kingcrown Motors,Traveler,45
Kingcrown Motors,Fugitive,61
Cars4Sale,Storm,76
Cars4Sale,Tempest,50
Cars4Sale,Gambler,49
Cars4Sale,Renegade,42
Cars4Sale,Hurricane,51
Cars4Sale,Cyclone,65
Cars4Sale,Bandit,77
Cars4Sale,Traveler,64
Cars4Sale,Fugitive,74
Agile Auto,Storm,55
Agile Auto,Tempest,57
Agile Auto,Gambler,48
Agile Auto,Renegade,38
Agile Auto,Hurricane,69
Agile Auto,Cyclone,70
Agile Auto,Bandit,55
Agile Auto,Traveler,50
Agile Auto,Fugitive,67
Good Goals Auto,Storm,69
Good Goals Auto,Tempest,46
Good Goals Auto,Gambler,39
Good Goals Auto,Renegade,60
Good Goals Auto,Hurricane,53
Good Goals Auto,Cyclone,49
Good Goals Auto,Bandit,55
Good Goals Auto,Traveler,66
Good Goals Auto,Fugitive,45
Baseprice Auto,Storm,58
Baseprice Auto,Tempest,50
Baseprice Auto,Gambler,69
Baseprice Auto,Renegade,43
Baseprice Auto,Hurricane,58
Baseprice Auto,Cyclone,77
Baseprice Auto,Bandit,74
Baseprice Auto,Traveler,61
Baseprice Auto,Fugitive,69
Foursquare Motors,Storm,52
Foursquare Motors,Tempest,52
Foursquare Motors,Gambler,63
Foursquare Motors,Renegade,69
Foursquare Motors,Hurricane,55
Foursquare Motors,Cyclone,51
Foursquare Motors,Bandit,55
Foursquare Motors,Traveler,53
Foursquare Motors,Fugitive,69
Motomottoes,Storm,40
Motomottoes,Tempest,46
Motomottoes,Gambler,63
Motomottoes,Renegade,62
Motomottoes,Hurricane,40
Motomottoes,Cyclone,40
Motomottoes,Bandit,66
Motomottoes,Traveler,67
Motomottoes,Fugitive,71
Pro-Wheel,Storm,52
Pro-Wheel,Tempest,39
Pro-Wheel,Gambler,43
Pro-Wheel,Renegade,63
Pro-Wheel,Hurricane,48
Pro-Wheel,Cyclone,72
Pro-Wheel,Bandit,57
Pro-Wheel,Traveler,57
Pro-Wheel,Fugitive,51
Shift Wave,Storm,71
Shift Wave,Tempest,39
Shift Wave,Gambler,63
Shift Wave,Renegade,70
Shift Wave,Hurricane,41
Shift Wave,Cyclone,71
Shift Wave,Bandit,38
Shift Wave,Traveler,60
Shift Wave,Fugitive,48
Mister Motor,Storm,40
Mister Motor,Tempest,44
Mister Motor,Gambler,73
Mister Motor,Renegade,46
Mister Motor,Hurricane,65
Mister Motor,Cyclone,47
Mister Motor,Bandit,43
Mister Motor,Traveler,55
Mister Motor,Fugitive,51
Ohio Car Bargains,Storm,51
Ohio Car Bargains,Tempest,66
Ohio Car Bargains,Gambler,48
Ohio Car Bargains,Renegade,58
Ohio Car Bargains,Hurricane,44
Ohio Car Bargains,Cyclone,53
Ohio Car Bargains,Bandit,73
Ohio Car Bargains,Traveler,72
Ohio Car Bargains,Fugitive,69
Escott Vehicles,Storm,72
Escott Vehicles,Tempest,73
Escott Vehicles,Gambler,74
Escott Vehicles,Renegade,64
Escott Vehicles,Hurricane,53
Escott Vehicles,Cyclone,77
Escott Vehicles,Bandit,74
Escott Vehicles,Traveler,43
Escott Vehicles,Fugitive,74
Nexonn,Storm,73
Nexonn,Tempest,37
Nexonn,Gambler,70
Nexonn,Renegade,50
Nexonn,Hurricane,60
Nexonn,Cyclone,60
Nexonn,Bandit,60
Nexonn,Traveler,73
Nexonn,Fugitive,64
Car Shine,Storm,76
Car Shine,Tempest,56
Car Shine,Gambler,43
Car Shine,Renegade,48
Car Shine,Hurricane,50
Car Shine,Cyclone,47
Car Shine,Bandit,69
Car Shine,Traveler,69
Car Shine,Fugitive,63
City Trio Vehicles,Storm,66
City Trio Vehicles,Tempest,38
City Trio Vehicles,Gambler,46
City Trio Vehicles,Renegade,53
City Trio Vehicles,Hurricane,71
City Trio Vehicles,Cyclone,38
City Trio Vehicles,Bandit,57
City Trio Vehicles,Traveler,73
City Trio Vehicles,Fugitive,57
Car Motto Cars,Storm,68
Car Motto Cars,Tempest,51
Car Motto Cars,Gambler,53
Car Motto Cars,Renegade,40
Car Motto Cars,Hurricane,76
Car Motto Cars,Cyclone,42
Car Motto Cars,Bandit,43
Car Motto Cars,Traveler,74
Car Motto Cars,Fugitive,55
Essy,Storm,38
Essy,Tempest,68
Essy,Gambler,44
Essy,Renegade,57
Essy,Hurricane,63
Essy,Cyclone,75
Essy,Bandit,74
Essy,Traveler,68
Essy,Fugitive,58
Wheel Fest,Storm,48
Wheel Fest,Tempest,53
Wheel Fest,Gambler,51
Wheel Fest,Renegade,45
Wheel Fest,Hurricane,53
Wheel Fest,Cyclone,64
Wheel Fest,Bandit,67
Wheel Fest,Traveler,54
Wheel Fest,Fugitive,55
Lot Of Autos,Storm,55
Lot Of Autos,Tempest,68
Lot Of Autos,Gambler,60
Lot Of Autos,Renegade,64
Lot Of Autos,Hurricane,42
Lot Of Autos,Cyclone,38
Lot Of Autos,Bandit,50
Lot Of Autos,Traveler,48
Lot Of Autos,Fugitive,42
Autostex Vehicles,Storm,37
Autostex Vehicles,Tempest,64
Autostex Vehicles,Gambler,59
Autostex Vehicles,Renegade,56
Autostex Vehicles,Hurricane,54
Autostex Vehicles,Cyclone,41
Autostex Vehicles,Bandit,54
Autostex Vehicles,Traveler,64
Autostex Vehicles,Fugitive,64
Masterkey Motors,Storm,39
Masterkey Motors,Tempest,72
Masterkey Motors,Gambler,66
Masterkey Motors,Renegade,59
Masterkey Motors,Hurricane,60
Masterkey Motors,Cyclone,77
Masterkey Motors,Bandit,55
Masterkey Motors,Traveler,52
Masterkey Motors,Fugitive,53
Kindauto,Storm,39
Kindauto,Tempest,42
Kindauto,Gambler,43
Kindauto,Renegade,75
Kindauto,Hurricane,72
Kindauto,Cyclone,47
Kindauto,Bandit,43
Kindauto,Traveler,38
Kindauto,Fugitive,60
Carzlync,Storm,64
Carzlync,Tempest,64
Carzlync,Gambler,50
Carzlync,Renegade,49
Carzlync,Hurricane,73
Carzlync,Cyclone,39
Carzlync,Bandit,55
Carzlync,Traveler,58
Carzlync,Fugitive,63
Motormania,Storm,71
Motormania,Tempest,44
Motormania,Gambler,49
Motormania,Renegade,66
Motormania,Hurricane,57
Motormania,Cyclone,68
Motormania,Bandit,39
Motormania,Traveler,40
Motormania,Fugitive,77
Wheel Spring,Storm,72
Wheel Spring,Tempest,48
Wheel Spring,Gambler,41
Wheel Spring,Renegade,74
Wheel Spring,Hurricane,47
Wheel Spring,Cyclone,72
Wheel Spring,Bandit,48
Wheel Spring,Traveler,65
Wheel Spring,Fugitive,44
Prime Motors,Storm,54
Prime Motors,Tempest,74
Prime Motors,Gambler,44
Prime Motors,Renegade,68
Prime Motors,Hurricane,70
Prime Motors,Cyclone,50
Prime Motors,Bandit,48
Prime Motors,Traveler,68
Prime Motors,Fugitive,48
Carnova,Storm,40
Carnova,Tempest,42
Carnova,Gambler,53
Carnova,Renegade,49
Carnova,Hurricane,60
Carnova,Cyclone,45
Carnova,Bandit,63
Carnova,Traveler,45
Carnova,Fugitive,75
Aspire Cars,Storm,76
Aspire Cars,Tempest,68
Aspire Cars,Gambler,66
Aspire Cars,Renegade,41
Aspire Cars,Hurricane,62
Aspire Cars,Cyclone,69
Aspire Cars,Bandit,73
Aspire Cars,Traveler,77
Aspire Cars,Fugitive,38
Great Motors Co.,Storm,66
Great Motors Co.,Tempest,44
Great Motors Co.,Gambler,48
Great Motors Co.,Renegade,77
Great Motors Co.,Hurricane,58
Great Motors Co.,Cyclone,72
Great Motors Co.,Bandit,42
Great Motors Co.,Traveler,73
Great Motors Co.,Fugitive,66
Motor High,Storm,68
Motor High,Tempest,47
Motor High,Gambler,51
Motor High,Renegade,39
Motor High,Hurricane,77
Motor High,Cyclone,50
Motor High,Bandit,47
Motor High,Traveler,52
Motor High,Fugitive,45
Happylifeauto,Storm,54
Happylifeauto,Tempest,38
Happylifeauto,Gambler,75
Happylifeauto,Renegade,73
Happylifeauto,Hurricane,38
Happylifeauto,Cyclone,44
Happylifeauto,Bandit,73
Happylifeauto,Traveler,46
Happylifeauto,Fugitive,75
Mayer Vehicles,Storm,38
Mayer Vehicles,Tempest,68
Mayer Vehicles,Gambler,63
Mayer Vehicles,Renegade,67
Mayer Vehicles,Hurricane,65
Mayer Vehicles,Cyclone,65
Mayer Vehicles,Bandit,46
Mayer Vehicles,Traveler,48
Mayer Vehicles,Fugitive,57
Goodbuy Automart,Storm,52
Goodbuy Automart,Tempest,38
Goodbuy Automart,Gambler,57
Goodbuy Automart,Renegade,50
Goodbuy Automart,Hurricane,68
Goodbuy Automart,Cyclone,63
Goodbuy Automart,Bandit,61
Goodbuy Automart,Traveler,54
Goodbuy Automart,Fugitive,60
Car Cabanna,Storm,45
Car Cabanna,Tempest,48
Car Cabanna,Gambler,57
Car Cabanna,Renegade,49
Car Cabanna,Hurricane,56
Car Cabanna,Cyclone,52
Car Cabanna,Bandit,72
Car Cabanna,Traveler,56
Car Cabanna,Fugitive,45
Excelride,Storm,62
Excelride,Tempest,41
Excelride,Gambler,40
Excelride,Renegade,69
Excelride,Hurricane,70
Excelride,Cyclone,63
Excelride,Bandit,45
Excelride,Traveler,49
Excelride,Fugitive,40
Fair&Amp;Square Motors,Storm,37
Fair&Amp;Square Motors,Tempest,39
Fair&Amp;Square Motors,Gambler,50
Fair&Amp;Square Motors,Renegade,55
Fair&Amp;Square Motors,Hurricane,69
Fair&Amp;Square Motors,Cyclone,44
Fair&Amp;Square Motors,Bandit,63
Fair&Amp;Square Motors,Traveler,66
Fair&Amp;Square Motors,Fugitive,57
Willowcrest Autos,Storm,70
Willowcrest Autos,Tempest,67
Willowcrest Autos,Gambler,57
Willowcrest Autos,Renegade,38
Willowcrest Autos,Hurricane,67
Willowcrest Autos,Cyclone,66
Willowcrest Autos,Bandit,61
Willowcrest Autos,Traveler,71
Willowcrest Autos,Fugitive,40
Gotcars,Storm,54
Gotcars,Tempest,59
Gotcars,Gambler,47
Gotcars,Renegade,62
Gotcars,Hurricane,71
Gotcars,Cyclone,52
Gotcars,Bandit,68
Gotcars,Traveler,46
Gotcars,Fugitive,67
Gally Auto,Storm,70
Gally Auto,Tempest,41
Gally Auto,Gambler,56
Gally Auto,Renegade,62
Gally Auto,Hurricane,61
Gally Auto,Cyclone,75
Gally Auto,Bandit,67
Gally Auto,Traveler,65
Gally Auto,Fugitive,74
Greataceauto,Storm,53
Greataceauto,Tempest,49
Greataceauto,Gambler,58
Greataceauto,Renegade,54
Greataceauto,Hurricane,55
Greataceauto,Cyclone,68
Greataceauto,Bandit,51
Greataceauto,Traveler,43
Greataceauto,Fugitive,65
Cassex Vehicles,Storm,76
Cassex Vehicles,Tempest,50
Cassex Vehicles,Gambler,76
Cassex Vehicles,Renegade,53
Cassex Vehicles,Hurricane,63
Cassex Vehicles,Cyclone,50
Cassex Vehicles,Bandit,41
Cassex Vehicles,Traveler,65
Cassex Vehicles,Fugitive,70
Silvoman Cars,Storm,62
Silvoman Cars,Tempest,74
Silvoman Cars,Gambler,48
Silvoman Cars,Renegade,47
Silvoman Cars,Hurricane,51
Silvoman Cars,Cyclone,42
Silvoman Cars,Bandit,72
Silvoman Cars,Traveler,38
Silvoman Cars,Fugitive,53
Journey Starters,Storm,76
Journey Starters,Tempest,60
Journey Starters,Gambler,63
Journey Starters,Renegade,65
Journey Starters,Hurricane,72
Journey Starters,Cyclone,71
Journey Starters,Bandit,43
Journey Starters,Traveler,54
Journey Starters,Fugitive,47
Auto Emporium,Storm,46
Auto Emporium,Tempest,60
Auto Emporium,Gambler,67
Auto Emporium,Renegade,64
Auto Emporium,Hurricane,75
Auto Emporium,Cyclone,64
Auto Emporium,Bandit,67
Auto Emporium,Traveler,38
Auto Emporium,Fugitive,41
Autosight Motors,Storm,72
Autosight Motors,Tempest,56
Autosight Motors,Gambler,46
Autosight Motors,Renegade,68
Autosight Motors,Hurricane,55
Autosight Motors,Cyclone,51
Autosight Motors,Bandit,76
Autosight Motors,Traveler,60
Autosight Motors,Fugitive,38
Frank'S Smart Buys,Storm,72
Frank'S Smart Buys,Tempest,73
Frank'S Smart Buys,Gambler,57
Frank'S Smart Buys,Renegade,46
Frank'S Smart Buys,Hurricane,55
Frank'S Smart Buys,Cyclone,71
Frank'S Smart Buys,Bandit,73
Frank'S Smart Buys,Traveler,64
Frank'S Smart Buys,Fugitive,59
Nobrainer Cars,Storm,54
Nobrainer Cars,Tempest,63
Nobrainer Cars,Gambler,43
Nobrainer Cars,Renegade,43
Nobrainer Cars,Hurricane,73
Nobrainer Cars,Cyclone,70
Nobrainer Cars,Bandit,41
Nobrainer Cars,Traveler,46
Nobrainer Cars,Fugitive,47
Wholesome Motors,Storm,51
Wholesome Motors,Tempest,47
Wholesome Motors,Gambler,70
Wholesome Motors,Renegade,54
Wholesome Motors,Hurricane,39
Wholesome Motors,Cyclone,64
Wholesome Motors,Bandit,42
Wholesome Motors,Traveler,39
Wholesome Motors,Fugitive,75
Drivingforce Motors,Storm,74
Drivingforce Motors,Tempest,68
Drivingforce Motors,Gambler,43
Drivingforce Motors,Renegade,66
Drivingforce Motors,Hurricane,57
Drivingforce Motors,Cyclone,61
Drivingforce Motors,Bandit,49
Drivingforce Motors,Traveler,59
Drivingforce Motors,Fugitive,58
